book_id,title,subtitle,authors,publisher,published_date,print_type,page_count,language,categories,isbn_10,isbn_13,is_ebook,list_price_amount,retail_price_amount,currency,text_to_speech_permission,epub_available,pdf_available
UlpVDwAAQBAJ,Data Science,N/A,"John D. Kelleher, Brendan Tierney",MIT Press,2018-04-13,BOOK,280,en,"Computers / General, Computers / Data Science / General, Technology & Engineering / General",262347032,9780262347037,,548751,384126,VND,ALLOWED,TRUE,TRUE
s2RXEAAAQBAJ,Computational Thinking: A Perspective on Computer Science,N/A,"Zhiwei Xu, Jialin Zhang",Springer Nature,2022-01-01,BOOK,319,en,"Computers / Computer Science, Computers / Programming / General, Computers / Networking / General, Computers / General, Computers / Information Technology",9811638489,9789811638480,,1708498,1195949,VND,ALLOWED,TRUE,TRUE
qfsOEAAAQBAJ,"Machine Learning and Big Data Analytics Paradigms: Analysis, Applications and Challenges",N/A,"Aboul Ella Hassanien, Ashraf Darwish",Springer Nature,2020-12-14,BOOK,648,en,"Computers / Data Science / General, Technology & Engineering / Engineering (General), Computers / Artificial Intelligence / General, Computers / Database Administration & Management, Mathematics / Probability & Statistics / General, Technology & Engineering / General",303059338X,9783030593384,,6834923,4784446,VND,ALLOWED,TRUE,TRUE
uG75EAAAQBAJ,Data Analytics for Intelligent Transportation Systems,N/A,"Mashrur Chowdhury, Kakan Dey, Amy Apon",Elsevier,2024-11-02,BOOK,400,en,"Computers / Artificial Intelligence / General, Computers / Artificial Intelligence / Expert Systems",443138796,9780443138799,,3779132,2645392,VND,ALLOWED,TRUE,TRUE
OCROEQAAQBAJ,Marketing Analytics Using Excel,A Beginner′s Guide,"Rahul Pratap Singh Kaurav, Asha Thomas",SAGE Publications,2025-03-15,BOOK,448,en,"Business & Economics / Marketing / General, Business & Economics / Sales & Selling / General",1036205037,9781036205034,,1512555,1058788,VND,ALLOWED,TRUE,TRUE
Eb9IEAAAQBAJ,Data Science Fundamentals and Practical Approaches,N/A,"Nandi Dr. Rupam Dr. Gypsy, Kumar Sharma",BPB Publications,2020-09-03,BOOK,634,en,"Language Arts & Disciplines / Library & Information Science / General, Computers / Artificial Intelligence / General",938984567X,9789389845679,,289381,196779,VND,ALLOWED,TRUE,TRUE
JJeNEQAAQBAJ,Transforming the Healthcare Revenue Cycle with Artificial Intelligence,A Guide to Building Impactful AI Using Electronic Claims and Electronic Health Record Data,Korin Reid,CRC Press,2025-08-08,BOOK,198,en,"Business & Economics / Industries / Healthcare, Business & Economics / Corporate Finance / General, Business & Economics / General, Business & Economics / Leadership, Computers / Artificial Intelligence / General, Medical / Epidemiology, Business & Economics / Accounting / Managerial, Business & Economics / Strategic Planning, Business & Economics / Government & Business, Medical / Health Care Delivery",1040382460,9781040382462,,1743951,1323027,VND,ALLOWED,TRUE,TRUE
uuRfDwAAQBAJ,Applying Business Intelligence Initiatives in Healthcare and Organizational Settings,N/A,"Miah, Shah J., Yeoh, William",IGI Global,2018-07-13,BOOK,384,en,"Business & Economics / General, Business & Economics / Organizational Development, Medical / General",1522557199,9781522557197,,5929635,4150744,VND,ALLOWED,FALSE,TRUE
d5EAEAAAQBAJ,The Data Science Framework,A View from the EDISON Project,"Juan J. Cuadrado-Gallego, Yuri Demchenko",Springer Nature,2020-10-01,BOOK,194,en,"Computers / Database Administration & Management, Computers / Information Theory, Computers / General, Business & Economics / Careers / General, Computers / Data Science / General, Technology & Engineering / Engineering (General), Mathematics / Probability & Statistics / General, Computers / Programming / Algorithms, Computers / Information Technology, Language Arts & Disciplines / Library & Information Science / General",3030510239,9783030510237,,5126115,3588280,VND,ALLOWED,TRUE,TRUE
9S_KDwAAQBAJ,Advances in Data Science and Management,Proceedings of ICDSM 2019,"Samarjeet Borah, Valentina Emilia Balas, Zdzislaw Polkowski",Springer Nature,2020-01-13,BOOK,563,en,"Computers / Artificial Intelligence / General, Technology & Engineering / Engineering (General), Computers / Database Administration & Management, Mathematics / Probability & Statistics / General, Computers / Data Science / Data Analytics, Technology & Engineering / General, Computers / Artificial Intelligence / Expert Systems",9811509786,9789811509780,,6834923,4784446,VND,ALLOWED,TRUE,TRUE
4ZctAAAAQBAJ,Data Science for Business,What You Need to Know about Data Mining and Data-Analytic Thinking,"Foster Provost, Tom Fawcett","O'Reilly Media, Inc.",2013-07-27,BOOK,414,en,"Computers / Data Science / Data Modeling & Design, Business & Economics / General, Business & Economics / Business Mathematics, Business & Economics / Statistics, Computers / General, Computers / Data Science / Data Analytics",144937428X,9781449374280,,346486,235610,VND,ALLOWED,TRUE,TRUE
F-Q_EAAAQBAJ,Smart Log Data Analytics,Techniques for Advanced Security Analysis,"Florian Skopik, Markus Wurzenberger, Max Landauer",Springer Nature,2021-08-28,BOOK,208,en,"Computers / Security / General, Mathematics / Probability & Statistics / General, Computers / Artificial Intelligence / General, Computers / Data Science / Data Analytics, Computers / Artificial Intelligence / Computer Vision & Pattern Recognition, Computers / Information Technology, Computers / Security / Network Security, Computers / Artificial Intelligence / Expert Systems, Computers / Optical Data Processing",3030744507,9783030744502,,4784353,3349047,VND,ALLOWED,TRUE,TRUE
IwMREAAAQBAJ,Python Programming for Beginners – 5 in 1 Crash Course,"Unlock the Huge Possibilities of Python With Practical Applications to Data Analysis, Algorithms and Data Science Projects",Martin Evans,Martin Evans,2020-12-27,BOOK,280,en,"Computers / Programming Languages / Python, Computers / Programming / Object Oriented, Computers / Natural Language Processing, Computers / Computer Science, Computers / Intelligence (AI) & Semantics",,,,290438,197498,VND,ALLOWED,FALSE,TRUE
5Jaa1BVverIC,Concise Encyclopedia of Computer Science,N/A,Edwin D. Reilly,John Wiley & Sons,2004-09-03,BOOK,928,en,"Computers / Computer Science, Technology & Engineering / Electronics / General, Technology & Engineering / Electrical",470090952,9780470090954,,2448303,2291053,VND,ALLOWED,FALSE,TRUE
Syy9BgAAQBAJ,Data Science For Dummies,N/A,Lillian Pierson,John Wiley & Sons,2015-03-09,BOOK,408,en,"Business & Economics / Knowledge Capital, Computers / Database Administration & Management, Computers / Data Science / Data Analytics, Computers / Information Technology, Mathematics / General",1118841557,9781118841556,,974317,673250,VND,ALLOWED,FALSE,TRUE
lvUE0AEACAAJ,Data Analytics,A Theoretical and Practical View from the EDISON Project,"Juan J. Cuadrado-Gallego, Yuri Demchenko",Springer International Publishing,2023-11-11,BOOK,477,en,"Computers / Database Administration & Management, Computers / Artificial Intelligence / General, Mathematics / Probability & Statistics / General, Computers / Information Technology",3031391284,9783031391286,,5267737,1720002,VND,ALLOWED,FALSE,FALSE
tczsEAAAQBAJ,Learn C Programming from Scratch,A step-by-step methodology with problem solving approach (English Edition),Mohammad Saleem Mir,BPB Publications,2024-01-09,BOOK,456,en,"Computers / Languages / C, Computers / Computer Science, Computers / Programming / General, Computers / Programming / Algorithms",9355516061,9789355516060,,580084,406059,VND,ALLOWED,TRUE,TRUE
8PMiEQAAQBAJ,Full Stack Web Development,Mastering Web Development from Client to Server-Side Technologies,"Rheinwerk Publishing, Inc, Philip Ackermann",Packt Publishing Ltd,2024-09-18,BOOK,743,en,"Computers / Internet / Web Design, Computers / Languages / HTML, Computers / Programming / Parallel",1836644922,9781836644927,,1234580,864206,VND,ALLOWED,TRUE,TRUE
3dUuEQAAQBAJ,MANUAL OF PYTHON FOR WEB DEVELOPMENT 2024 Edition,Modern Frameworks and Tools,Diego Rodrigues,Diego Rodrigues,2024-11-03,BOOK,226,en,"Business & Economics / Industries / Computers & Information Technology, Education / Computers & Technology, Computers / Software Development & Engineering / General, Computers / Data Science / General, Computers / Internet / Web Programming, Computers / Internet / Web Services & APIs, Computers / Security / General",,,,86558,71843,VND,ALLOWED,TRUE,TRUE
zZuzDwAAQBAJ,Hands-On Application Development with PyCharm,Accelerate your Python applications using practical coding techniques in PyCharm,Quan Nguyen,Packt Publishing Ltd,2019-09-27,BOOK,494,en,"Computers / Languages / General, Computers / Languages / Python, Computers / Desktop Applications / General, Computers / Programming / General",1789342864,9781789342864,,871843,610290,VND,ALLOWED,TRUE,TRUE
t-grEAAAQBAJ,Introduction to Machine Learning in the Cloud with Python,Concepts and Practices,"Pramod Gupta, Naresh K. Sehgal",Springer Nature,2021-04-28,BOOK,284,en,"Technology & Engineering / Electronics / General, Computers / Cybernetics, Mathematics / Probability & Statistics / General, Computers / Artificial Intelligence / General, Computers / Distributed Systems / Cloud Computing, Technology & Engineering / Electrical, Language Arts & Disciplines / Library & Information Science / General, Computers / Networking / General",3030712702,9783030712709,,1596649,1117654,VND,ALLOWED,TRUE,TRUE
MbXjDwAAQBAJ,Cloud Computing Applications and Techniques for E-Commerce,N/A,"Gochhait, Saikat, Shou, David Tawei, Fazalbhoy, Sabiha",IGI Global,2019-12-27,BOOK,185,en,"Computers / General, Computers / Distributed Systems / Cloud Computing, Business & Economics / E-Commerce / General",1799812960,9781799812968,,6652761,4656933,VND,ALLOWED,FALSE,TRUE
jz7LAwAAQBAJ,Optimized Cloud Resource Management and Scheduling,Theories and Practices,"Wenhong Dr. Tian, Yong Dr. Zhao",Morgan Kaufmann,2014-10-15,BOOK,284,en,"Computers / Networking / General, Computers / Management Information Systems",128016450,9780128016459,,2324299,1627009,VND,ALLOWED,TRUE,TRUE
SEEAEAAAQBAJ,Machine Learning for Beginners,"An Introduction for Beginners, Why Machine Learning Matters Today and How Machine Learning Networks, Algorithms, Concepts and Neural Networks Really Work",Steven Cooper,Roland Bind,2018-09-07,BOOK,100,en,"Computers / Machine Theory, Computers / Data Science / General, Computers / Data Science / Data Visualization",,,,106700,80025,VND,ALLOWED,TRUE,TRUE
iNfPEAAAQBAJ,Code,The Hidden Language of Computer Hardware and Software,Charles Petzold,Microsoft Press,,BOOK,480,en,"Computers / Programming / General, Computers / Languages / General, Computers / Software Development & Engineering / General",137909292,9780137909292,,992254,694578,VND,ALLOWED,TRUE,TRUE
XmSauAEACAAJ,Python Learn Python Programming Language From The Scratch,N/A,Adney Ainsley,CreateSpace Independent Publishing Platform,2018-06-16,BOOK,166,en,Computers / Languages / Python,1720673314,9781720673316,,447517,447517,VND,ALLOWED,FALSE,FALSE
QDc9zgEACAAJ,Python Programming,3 Books in 1: The Complete Beginner's Guide to Learning the Most Popular Programming Language,Dylan Penny,Sara Guidi,2021-02-12,BOOK,334,en,"Computers / Data Science / Data Analytics, Computers / Data Science / Machine Learning",1801820759,9781801820752,,526537,526537,VND,ALLOWED,FALSE,FALSE
abnIAgAAQBAJ,Beginning Programming All-in-One Desk Reference For Dummies,N/A,Wallace Wang,John Wiley & Sons,2008-06-03,BOOK,720,en,"Computers / Languages / General, Computers / Software Development & Engineering / General, Computers / Programming / General",470108541,9780470108543,,1063873,1063873,VND,ALLOWED,FALSE,TRUE
x8BvqSRbR3cC,Java For Dummies,N/A,Barry A. Burd,John Wiley & Sons,2011-03-03,BOOK,384,en,"Computers / Programming Languages / Java, Computers / Programming / General",1118051068,9781118051061,,921637,638482,VND,ALLOWED,TRUE,TRUE
TRUdyfwdaSoC,Java for Students,N/A,"Doug Bell, Mike Parr",Pearson Educación,,BOOK,634,es,"Computers / Languages / Java, Computers / Internet / Web Programming",9702601444,9789702601449,,526273,526273,VND,ALLOWED,FALSE,TRUE
694fvh2hdVEC,Java Web Services: Up and Running,Up and Running,Martin Kalin,"O'Reilly Media, Inc.",2009-02-12,BOOK,320,en,"Computers / Languages / Java, Computers / General, Computers / Programming / General, Computers / Internet / Web Browsers, Computers / Web / General, Computers / Internet / Web Design, Technology & Engineering / General, Computers / Internet / General",059655544X,9780596555443,,921637,365863,VND,ALLOWED,TRUE,TRUE
y2CNCj5RG30C,Web-Based Instruction,A Guide for Libraries,Susan Sharpless Smith,American Library Association,2010-07-09,BOOK,236,en,"Computers / Internet / Web Design, Education / Teaching / Subjects / Library Skills, Education / Computers & Technology, Language Arts & Disciplines / Library & Information Science / General, Language Arts & Disciplines / Library & Information Science / Collection Development, Language Arts & Disciplines / Library & Information Science / School Media",838910564,9780838910566,,1580400,1580400,VND,ALLOWED,TRUE,TRUE
-RBSEAAAQBAJ,Machine Learning Techniques and Analytics for Cloud Security,N/A,"Rajdeep Chakraborty, Anupam Ghosh, Jyotsna Kumar Mandal",John Wiley & Sons,2021-12-21,BOOK,480,en,"Computers / Artificial Intelligence / General, Computers / Computer Science, Computers / Information Technology",1119762251,9781119762256,,6145649,6145649,VND,ALLOWED,FALSE,TRUE
KnL2DwAAQBAJ,Management Information Systems,Moving Business Forward,"R. Kelly Rainer, Brad Prince, Hugh J. Watson",Wiley,,BOOK,535,en,"Computers / General, Computers / Information Technology",1119635802,9781119635802,,108784,108784,VND,ALLOWED,FALSE,TRUE
_GO1EAAAQBAJ,Machine Learning,"Concepts, Techniques and Applications","T V Geetha, S Sendhilkumar",CRC Press,2023-05-17,BOOK,478,en,"Business & Economics / Statistics, Computers / Programming / Games, Computers / Computer Science, Computers / Machine Theory, Computers / Software Development & Engineering / Systems Analysis & Design, Technology & Engineering / General, Computers / General, Technology & Engineering / Electrical, Technology & Engineering / Automation, Language Arts & Disciplines / Library & Information Science / General, Mathematics / Probability & Statistics / General",100086717X,9781000867176,,2616058,2020713,VND,ALLOWED,TRUE,TRUE
ijJ-EQAAQBAJ,"The Artificial Intelligence and Machine Learning Blueprint: Foundations, Frameworks, and Real-World Applications",N/A,Priyambada Swain,Deep Science Publishing,2025-08-06,BOOK,130,en,"Computers / Artificial Intelligence / Computer Vision & Pattern Recognition, Computers / Artificial Intelligence / Natural Language Processing, Computers / Data Science / Machine Learning, Computers / Data Science / Data Warehousing",9371853654,9789371853651,,63902,63902,VND,ALLOWED,FALSE,TRUE
RXeiEAAAQBAJ,Artificial Intelligence and Machine Learning Techniques for Civil Engineering,N/A,"Plevris, Vagelis, Ahmad, Afaq, Lagaros, Nikos D.",IGI Global,2023-06-05,BOOK,385,en,"Technology & Engineering / Civil / General, Computers / Data Science / Machine Learning, Computers / Artificial Intelligence / General",1668456443,9781668456446,,6942012,4859408,VND,ALLOWED,FALSE,TRUE
ph5pEQAAQBAJ,Machine Learning For Absolute Beginners A Step by Step guide Algorithms For Supervised and Unsupervised Learning With Real World Applications,N/A,Raymond Kazuya,Raymond Kazuya,2017-12-17,BOOK,39,en,Comics & Graphic Novels / Nonfiction / Biography & Memoir,1773830031,9781773830032,,30183,30183,VND,ALLOWED,FALSE,TRUE
U5np34a5fmQC,Handbook of Statistical Analysis and Data Mining Applications,N/A,"Robert Nisbet, John Elder, Gary D. Miner",Academic Press,2009-05-14,BOOK,864,en,Mathematics / Probability & Statistics / General,80912036,9780080912035,,2702212,1891548,VND,ALLOWED,TRUE,TRUE
n2nIM0l1TQ0C,Data Warehousing Fundamentals,A Comprehensive Guide for IT Professionals,Paulraj Ponniah,John Wiley & Sons,2004-03-24,BOOK,544,en,"Computers / Data Science / Data Warehousing, Computers / Networking / General, Computers / Information Technology",471463892,9780471463894,,3923162,2746213,VND,ALLOWED,FALSE,TRUE
8kRDEAAAQBAJ,The DevOps Handbook,"How to Create World-Class Agility, Reliability, & Security in Technology Organizations","Gene Kim, Jez Humble, Patrick Debois, John Willis, Nicole Forsgren",IT Revolution,,BOOK,528,en,"Business & Economics / Leadership, Business & Economics / Information Management, Business & Economics / Industries / Computers & Information Technology, Business & Economics / Management",1950508439,9781950508433,,810008,567006,VND,ALLOWED_FOR_ACCESSIBILITY,TRUE,TRUE
4tAHEQAAQBAJ,Google Workspace For Dummies,N/A,Paul McFedries,John Wiley & Sons,,BOOK,464,en,"Computers / Business & Productivity Software / Presentations, Computers / Business & Productivity Software / Spreadsheets, Computers / Business & Productivity Software / Office Suites, Computers / Desktop Applications / General, Computers / Software Development & Engineering / General",1394253230,9781394253234,,1017194,712036,VND,ALLOWED,TRUE,TRUE
6hkR_ixby08C,Data Mining,Concepts and Techniques,Jiawei Han,Morgan Kaufmann Publishers,,BOOK,550,en,"Computers / Databases / General, Computers / Information Technology",1558604898,9781558604896,,2369283,1748976,VND,ALLOWED,TRUE,FALSE
StFq89E7CWkC,Data Warehousing,The Ultimate Guide to Building Corporate Business Intelligence,SCN Education B.V.,Springer Science & Business Media,2001-04-27,BOOK,336,en,"Technology & Engineering / General, Technology & Engineering / Engineering (General)",352805753X,9783528057534,,2897137,2372444,VND,ALLOWED,FALSE,TRUE
95Rg5K516mYC,Fundamentals of Data Warehouses,N/A,"Matthias Jarke, Maurizio Lenzerini, Yannis Vassiliou, Panos Vassiliadis",Springer Science & Business Media,2002-11-26,BOOK,224,en,"Computers / Databases / General, Computers / System Administration / Storage & Retrieval, Computers / Information Technology, Computers / Intelligence (AI) & Semantics, Business & Economics / Operations Research",3540420894,9783540420897,,1448173,1448173,VND,ALLOWED,FALSE,TRUE
llroEAAAQBAJ,Analytics Engineering with SQL and Dbt,N/A,"Rui Pedro Machado, Helder Russa","O'Reilly Media, Inc.",2023-12-08,BOOK,324,en,"Computers / Data Science / General, Computers / Data Science / Data Analytics, Computers / Languages / SQL, Computers / Data Science / Machine Learning",1098142357,9781098142353,,1738177,1051493,VND,ALLOWED,FALSE,TRUE
vKbpywEACAAJ,The Art of Doing Science and Engineering,Learning to Learn,Richard W. Hamming,Stripe Press,2020-01-01,BOOK,432,en,"Computers / General, Computers / Computer Science, Computers / Information Technology, Science / General, Technology & Engineering / Engineering (General), Technology & Engineering / History, Technology & Engineering / Inventions, Technology & Engineering / Research",1732265178,9781732265172,,921900,804950,VND,ALLOWED,FALSE,FALSE
a2n2EAAAQBAJ,Kubernetes for Developers,N/A,William Denniss,Simon and Schuster,,BOOK,300,en,"Computers / Software Development & Engineering / General, Computers / Programming / Open Source, Computers / Internet / Web Programming, Computers / Distributed Systems / Cloud Computing, Mathematics / General",1617297178,9781617297175,,1580137,1150795,VND,ALLOWED_FOR_ACCESSIBILITY,FALSE,FALSE
UZNsEAAAQBAJ,Control Systems and Reinforcement Learning,N/A,Sean Meyn,Cambridge University Press,,BOOK,450,en,"Business & Economics / Econometrics, Computers / Artificial Intelligence / General, Computers / Artificial Intelligence / Computer Vision & Pattern Recognition, Computers / Programming / Algorithms, Mathematics / Applied, Mathematics / Probability & Statistics / General, Mathematics / Probability & Statistics / Stochastic Processes, Science / General",1316511960,9781316511961,,1817460,1691291,VND,ALLOWED,FALSE,TRUE
b06qDwAAQBAJ,Deep Learning,N/A,John D. Kelleher,MIT Press,,BOOK,296,en,"Computers / Artificial Intelligence / Computer Vision & Pattern Recognition, Computers / Data Science / Machine Learning, Computers / Data Science / Neural Networks",262537559,9780262537551,,499143,299222,VND,ALLOWED,FALSE,TRUE
PmzEzgEACAAJ,"Front-End Back-End Development with HTML, CSS, JavaScript, JQuery, PHP, and MySQL",N/A,Jon Duckett,"John Wiley & Sons, Incorporated",,BOOK,1824,en,"Computers / Programming / General, Computers / Languages / JavaScript, Computers / Languages / HTML, Computers / Languages / PHP, Technology & Engineering / Engineering (General)",1119813093,9781119813095,,2502300,1600682,VND,ALLOWED,FALSE,FALSE
R3vQDwAAQBAJ,Deep Learning Architectures,A Mathematical Approach,Ovidiu Calin,Springer Nature,,BOOK,760,en,"Mathematics / Applied, Mathematics / Probability & Statistics / General, Computers / Artificial Intelligence / General, Mathematics / Discrete Mathematics, Mathematics / General",3030367215,9783030367213,,2221140,1554798,VND,ALLOWED,TRUE,TRUE
aCgeEQAAQBAJ,Mathematical Introduction to Data Science,N/A,Sven A. Wegner,Springer Nature,,BOOK,299,en,"Computers / Database Administration & Management, Mathematics / Probability & Statistics / General, Computers / Artificial Intelligence / General, Computers / Information Technology",3662694263,9783662694268,,2904664,2033265,VND,ALLOWED,FALSE,TRUE
E9oKEQAAQBAJ,Kubernetes and Cloud Native Associate (KCNA) Study Guide,In-Depth Exam Prep and Practice,"Jorge Valenzuela Jiménez, Adrián González Sánchez","O'Reilly Media, Inc.",,BOOK,200,en,"Computers / Software Development & Engineering / Systems Analysis & Design, Computers / Certification Guides / General, Computers / Programming / Open Source, Computers / Distributed Systems / General, Computers / Internet / Web Programming, Study Aids / General, Computers / Internet / Web Services & APIs, Computers / Distributed Systems / Cloud Computing",1098138902,9781098138905,,532295,372606,VND,ALLOWED,TRUE,TRUE
3AzJEAAAQBAJ,Python Data Science,N/A,Chaolemen Borjigin,Springer Nature,,BOOK,345,en,"Computers / Database Administration & Management, Computers / Artificial Intelligence / General, Computers / Information Technology",981197702X,9789811977022,,1879379,1315565,VND,ALLOWED,FALSE,TRUE
ZnWADwAAQBAJ,Understanding Azure Data Factory,Operationalizing Big Data and Advanced Analytics Solutions,"Sudhir Rawat, Abhishek Narain",Apress,,BOOK,368,en,"Computers / Programming / Microsoft, Computers / Business & Productivity Software / General, Computers / Networking / General, Computers / Information Technology, Computers / General, Computers / Networking / Hardware",1484241223,9781484241226,,2012044,1408431,VND,ALLOWED,TRUE,TRUE
miVAEQAAQBAJ,Analytics Modeling in Reliability and Machine Learning and Its Applications,N/A,Hoang Pham,Springer Nature,,BOOK,349,en,"Mathematics / Probability & Statistics / General, Computers / Artificial Intelligence / General, Computers / Hardware / General, Medical / Allied Health Services / General, Technology & Engineering / Industrial Engineering, Mathematics / Optimization, Technology & Engineering / Aeronautics & Astronautics, Computers / Information Technology, Medical / Nursing / General, Technology & Engineering / Manufacturing",3031726367,9783031726361,,4784353,3349047,VND,ALLOWED,TRUE,TRUE
_i6bDeoCQzsC,Clean Code,A Handbook of Agile Software Craftsmanship,Robert C. Martin,Pearson Education,,BOOK,464,en,"Computers / Software Development & Engineering / General, Computers / Software Development & Engineering / Quality Assurance & Testing",136083250,9780136083252,,938720,657104,VND,ALLOWED_FOR_ACCESSIBILITY,FALSE,FALSE
xzVTEAAAQBAJ,AWS Cookbook,Recipes for Success on AWS,"John Culkin, Mike Zazon","O'Reilly Media, Inc.",,BOOK,358,en,"Computers / Distributed Systems / Cloud Computing, Computers / Business & Productivity Software / Business Intelligence, Computers / Internet / Web Programming, Computers / Internet / Web Services & APIs",149209255X,9781492092551,,631393,441975,VND,ALLOWED,TRUE,TRUE
GRbREAAAQBAJ,Deep Learning,A Beginners' Guide,Dulani Meedeniya,CRC Press,,BOOK,198,en,"Computers / Data Science / Machine Learning, Computers / Programming / Games, Computers / Data Science / Data Analytics, Computers / Machine Theory, Mathematics / Arithmetic, Computers / Artificial Intelligence / General, Computers / Programming / Algorithms, Technology & Engineering / Automation",1000924068,9781000924060,,1947442,1485821,VND,ALLOWED,TRUE,TRUE
GufjEAAAQBAJ,Machine Learning in Healthcare and Security,"Advances, Obstacles, and Solutions","Prashant Pranav, Archana Patel, Sarika Jain",CRC Press,,BOOK,224,en,"Computers / Data Science / Machine Learning, Technology & Engineering / Industrial Engineering, Technology & Engineering / Manufacturing, Technology & Engineering / Operations Research, Technology & Engineering / Automation, Computers / Software Development & Engineering / Systems Analysis & Design, Medical / Epidemiology, Design / Product, Computers / Data Science / Data Analytics, Computers / Security / General, Technology & Engineering / Telecommunications, Computers / Artificial Intelligence / General, Law / Computer & Internet, Business & Economics / Government & Business, Medical / Health Care Delivery, Technology & Engineering / Electrical, Technology & Engineering / Engineering (General)",1003825907,9781003825906,,1947442,1485821,VND,ALLOWED,TRUE,TRUE
Hif4DwAAQBAJ,Docker for Developers,Develop and run your application with Docker containers using DevOps tools for continuous delivery,"Richard Bullington-McGuire, Andrew K. Dennis, Michael Schwartz",Packt Publishing Ltd,,BOOK,468,en,"Computers / Distributed Systems / General, Computers / Software Development & Engineering / Tools, Computers / System Administration / Linux & UNIX Administration",178953948X,9781789539486,,888270,621789,VND,ALLOWED,TRUE,TRUE
pFjPDwAAQBAJ,Mathematics for Machine Learning,N/A,"Marc Peter Deisenroth, A. Aldo Faisal, Cheng Soon Ong",Cambridge University Press,,BOOK,398,en,"Computers / Artificial Intelligence / General, Computers / Artificial Intelligence / Computer Vision & Pattern Recognition, Computers / Optical Data Processing, Mathematics / Applied, Mathematics / Probability & Statistics / General, Science / General",1108470041,9781108470049,,1448700,1258262,VND,ALLOWED,FALSE,TRUE
ZMjszgEACAAJ,Teach Yourself Data Analytics in 30 Days,"Learn to Use Python and Jupyter Notebooks by Exploring Fun, Real-world Data Projects",David Clinton,"North Haven, CT",2021-01-01,BOOK,130,en,N/A,1777721008,9781777721008,,235743,235743,VND,ALLOWED,FALSE,FALSE
bEID0AEACAAJ,Generative AI,How ChatGPT and Other AI Tools Will Revolutionize Business,Tom Taulli,Apress,,BOOK,208,en,"Mathematics / Probability & Statistics / General, Computers / Artificial Intelligence / General, Computers / Speech & Audio Processing, Computers / Artificial Intelligence / Expert Systems, Computers / Database Administration & Management, Language Arts & Disciplines / Linguistics / General, Computers / Information Technology, Language Arts & Disciplines / Linguistics / Historical & Comparative",148429369X,9781484293690,,795468,795468,VND,ALLOWED,FALSE,FALSE
0rhp0QEACAAJ,Docker for Developers,Simplify Your Development Workflow with Containers and Orchestration,"RAFAEL. SANDERS, Miguel Farmer, Boozman Richard",Amazon Digital Services LLC - Kdp,,BOOK,190,en,Computers / Languages / Python,,9798286271474,,579217,579217,VND,ALLOWED,FALSE,FALSE
0gbuDwAAQBAJ,Learn C Programming,A beginner's guide to learning C programming the easy and disciplined way,Jeff Szuhay,Packt Publishing Ltd,,BOOK,646,en,"Computers / Languages / C, Computers / Computer Science, Computers / Computer Engineering",1789348633,9781789348637,,956622,669635,VND,ALLOWED,TRUE,TRUE
kvxvDQAAQBAJ,Learning JavaScript Data Structures and Algorithms,N/A,Loiane Groner,Packt Publishing Ltd,,BOOK,314,en,"Computers / Languages / JavaScript, Computers / Internet / Web Programming, Computers / Programming / Algorithms",178355388X,9781783553884,,990798,693559,VND,ALLOWED,TRUE,TRUE
YMNgEQAAQBAJ,Learning Python,An In-Depth Guide for All Levels,Mustafa Germec,Independently published,,BOOK,387,en,Computers / Languages / Python,,9798338451489,,265722,180691,VND,ALLOWED,FALSE,TRUE
CgLgh5vQcPgC,Learning C# 3.0,Master the fundamentals of C# 3.0,"Jesse Liberty, Brian MacDonald","O'Reilly Media, Inc.",,BOOK,696,en,"Computers / Languages / C#, Computers / General, Computers / Programming / General, Computers / Programming / Object Oriented",596554206,9780596554200,,396035,269304,VND,ALLOWED,TRUE,TRUE
94LoDwAAQBAJ,Learn SQL Database Programming,Query and manipulate databases from popular relational database servers using SQL,Josephine Bush,Packt Publishing Ltd,,BOOK,564,en,"Computers / Languages / General, Computers / Languages / SQL, Computers / Data Science / General, Computers / Database Administration & Management",1838981705,9781838981709,,871843,610290,VND,ALLOWED,TRUE,TRUE
OuhbEQAAQBAJ,"SQL Programming | The Ultimate Guide for Beginners to Advanced | Learn SQL for Databases, Queries, and Data Analysis",N/A,Aamer Khan,Code Academy,,BOOK,250,en,"Computers / Database Administration & Management, Computers / Programming / General, Computers / Languages / General",8195765688,9788195765683,,48828,48828,VND,ALLOWED,TRUE,TRUE
lc_xDwAAQBAJ,Learn SQL with MySQL,Retrieve and Manipulate Data Using SQL Commands with Ease,Ashwin Pajankar,BPB Publications,,BOOK,132,en,"Computers / General, Computers / Business & Productivity Software / Databases, Computers / Languages / Python, Computers / Languages / SQL",9389898080,9789389898088,,289381,196779,VND,ALLOWED,TRUE,TRUE
eENiEQAAQBAJ,Advancements in Cybersecurity,Next-Generation Systems and Applications,"Agbotiname Lucky Imoize, Oleksandr Kuznetsov, Oleksandr Lemeshko, Oleksandra Yeremenko",CRC Press,,BOOK,548,en,"Computers / Security / General, Computers / Internet / Online Safety & Privacy, Mathematics / Applied, Law / Computer & Internet, Mathematics / Logic, Mathematics / Discrete Mathematics",1040363253,9781040363256,,4651240,3648858,VND,ALLOWED,TRUE,TRUE
DhLGDwAAQBAJ,"Advances in Data Science, Cyber Security and IT Applications","First International Conference on Computing, ICC 2019, Riyadh, Saudi Arabia, December 10–12, 2019, Proceedings, Part I","Auhood Alfaries, Hanan Mengash, Ansar Yasar, Elhadi Shakshuki",Springer Nature,,BOOK,330,en,"Computers / Networking / General, Computers / Artificial Intelligence / General, Computers / General, Computers / Business & Productivity Software / General, Computers / Artificial Intelligence / Computer Vision & Pattern Recognition, Computers / Image Processing, Computers / Networking / Hardware, Computers / Desktop Applications / General, Computers / Optical Data Processing",3030363651,9783030363659,,1708498,1195949,VND,ALLOWED,TRUE,TRUE
Z7WbEAAAQBAJ,Machine Learning for Cyber Security,N/A,"Preeti Malik, Lata Nautiyal, Mangey Ram",Walter de Gruyter GmbH & Co KG,,BOOK,158,en,"Business & Economics / Industries / Computers & Information Technology, Computers / Artificial Intelligence / General, Computers / Programming / Algorithms, Computers / Security / General, Mathematics / Applied, Technology & Engineering / Electrical, Technology & Engineering / Engineering (General), Computers / Information Technology, Science / Philosophy & Social Aspects",3110766760,9783110766769,,6104752,4273326,VND,ALLOWED,TRUE,TRUE
IynFEAAAQBAJ,Artificial Intelligence and Cyber Security in Industry 4.0,N/A,"Velliangiri Sarveshwaran, Joy Iong-Zong Chen, Danilo Pelusi",Springer Nature,,BOOK,373,en,"Computers / Artificial Intelligence / General, Computers / Networking / General, Computers / Database Administration & Management, Mathematics / Probability & Statistics / General, Technology & Engineering / Engineering (General), Technology & Engineering / Mobile & Wireless Communications, Computers / Information Technology, Computers / General, Technology & Engineering / General, Technology & Engineering / Electrical",9819921155,9789819921157,,1879379,1315565,VND,ALLOWED,TRUE,TRUE
YEEAEAAAQBAJ,Python Machine Learning,"A Practical Beginner's Guide to Understanding Machine Learning, Deep Learning and Neural Networks with Python, Scikit-Learn, Tensorflow and Keras",Railey Brandon,Roland Bind,,BOOK,130,en,"Computers / Languages / Python, Computers / Machine Theory, Computers / Data Science / Data Modeling & Design",,,,106700,80025,VND,ALLOWED,TRUE,TRUE
ctM-EAAAQBAJ,Machine Learning,N/A,Zhi-Hua Zhou,Springer Nature,,BOOK,459,en,"Mathematics / Probability & Statistics / General, Computers / Artificial Intelligence / General, Computers / Data Science / Data Analytics, Computers / Computer Science, Mathematics / Applied, Computers / Information Technology, Computers / Artificial Intelligence / Expert Systems, Mathematics / Discrete Mathematics",9811519676,9789811519673,,2050259,1435181,VND,ALLOWED,TRUE,TRUE
kZySEQAAQBAJ,An Introduction to Artificial Intelligence and Machine Learning,N/A,Manikandan Paneerselvam,S. Chand Publishing,,BOOK,288,en,N/A,9358703954,9789358703955,,716077,501254,VND,ALLOWED,FALSE,TRUE
RRjzDwAAQBAJ,Intelligence in Big Data Technologies—Beyond the Hype,Proceedings of ICBDCC 2019,"J. Dinesh Peter, Steven L. Fernandes, Amir H. Alavi",Springer Nature,,BOOK,636,en,"Computers / Artificial Intelligence / General, Technology & Engineering / Engineering (General), Computers / Database Administration & Management, Mathematics / Probability & Statistics / General, Technology & Engineering / Telecommunications, Technology & Engineering / General",9811552851,9789811552854,,6834923,4784446,VND,ALLOWED,TRUE,TRUE
cknREAAAQBAJ,Learning Java,N/A,"Marc Loy, Patrick Niemeyer, Daniel Leuck","O'Reilly Media, Inc.",,BOOK,552,en,"Computers / Programming / Object Oriented, Computers / Languages / Java, Computers / Internet / Web Services & APIs",109814550X,9781098145507,,1405239,1405239,VND,ALLOWED,FALSE,TRUE
1HxWGezDZcgC,Learning Python,Powerful Object-Oriented Programming,Mark Lutz,"O'Reilly Media, Inc.",,BOOK,1216,en,"Computers / Languages / Python, Computers / Programming / General, Computers / General, Computers / Reference",144937932X,9781449379322,,2106937,1635451,VND,ALLOWED,TRUE,TRUE
zCuODwAAQBAJ,Managerial Perspectives on Intelligent Big Data Analytics,N/A,"Sun, Zhaohao",IGI Global,,BOOK,335,en,"Computers / Database Administration & Management, Computers / Management Information Systems, Computers / General",1522572783,9781522572787,,6218886,4353220,VND,ALLOWED,FALSE,TRUE
ZOfnEAAAQBAJ,DevOps for Databases,A practical guide to applying DevOps best practices to data-persistent technologies,David Jambor,Packt Publishing Ltd,,BOOK,446,en,"Computers / System Administration / Backup & Recovery, Computers / Distributed Systems / Cloud Computing, Computers / Networking / General",183763789X,9781837637898,,907653,635357,VND,ALLOWED,TRUE,TRUE
INxjEAAAQBAJ,Concepts of Computer Science,N/A,Sanjeev Thakur,Rudra Publications,,BOOK,195,en,"Computers / Computer Science, Computers / Computer Engineering",9393767475,9789393767479,,86097,71461,VND,ALLOWED,FALSE,TRUE
S7QU9RRLYIYC,Computer Science,"The Hardware, Software and Heart of It","Edward K. Blum, Alfred V Aho",Springer Science & Business Media,,BOOK,470,en,"Computers / Software Development & Engineering / General, Computers / Computer Science, Computers / Networking / General, Computers / Database Administration & Management, Computers / Programming / Compilers, Computers / Information Technology, Mathematics / Discrete Mathematics, Computers / Networking / Hardware",1461411688,9781461411680,,1708498,1195949,VND,ALLOWED,TRUE,TRUE
oGIsEQAAQBAJ,Study Guide to Security in DevOps,A Comprehensive Guide to Learn Security in DevOps,Cybellium,Cybellium Ltd,,BOOK,225,en,Computers / Information Technology,1836797834,9781836797838,,465728,316695,VND,ALLOWED,FALSE,TRUE
W-VvEAAAQBAJ,"Combining DataOps, MLOps and DevOps",Outperform Analytics and Software Development with Expert Practices on Process Optimization and Automation (English Edition),"Dr. Kalpesh Parikh,  Amit Johri",BPB Publications,,BOOK,398,en,"Computers / Software Development & Engineering / General, Computers / Software Development & Engineering / Project Management, Computers / Data Science / Machine Learning",9355511914,9789355511911,,289381,196779,VND,ALLOWED,TRUE,TRUE
sJbqDQAAQBAJ,The DevOps Adoption Playbook,A Guide to Adopting DevOps in a Multi-Speed IT Enterprise,Sanjeev Sharma,John Wiley & Sons,,BOOK,416,en,"Computers / Software Development & Engineering / Project Management, Technology & Engineering / Electronics / General, Computers / Information Technology",1119310520,9781119310525,,1220950,854665,VND,ALLOWED,FALSE,TRUE
mWMPAQAAMAAJ,Introduction to Computer Science,N/A,Thomas C. Bartee,McGraw-Hill,1975-01-01,BOOK,404,en,"Computers / General, Reference / Questions & Answers",70038805,9780070038806,,1973920,1973920,VND,ALLOWED,FALSE,FALSE
r5-mAwAAQBAJ,Modern Web Development with IBM WebSphere,"Developing, Deploying, and Managing Mobile and Multi-Platform Apps","Kyle Brown, Roland Barcia, Karl Bishop, Matthew Perrins",IBM Press,,BOOK,384,en,"Computers / Languages / JavaScript, Computers / Web / General, Computers / Internet / General",133067092,9780133067095,,763860,763860,VND,ALLOWED_FOR_ACCESSIBILITY,FALSE,FALSE
B4oZEQAAQBAJ,Learning Kali Linux,N/A,Ric Messier,"O'Reilly Media, Inc.",,BOOK,542,en,"Computers / Security / Network Security, Computers / Operating Systems / Linux, Computers / Software Development & Engineering / Quality Assurance & Testing, Computers / System Administration / Linux & UNIX Administration",109815410X,9781098154103,,1580137,938494,VND,ALLOWED,FALSE,TRUE
QcBGAwAAQBAJ,Kali Linux – Assuring Security by Penetration Testing,N/A,"Lee Allen, Tedi Heriyanto, Shakeel Ali",Packt Publishing Ltd,,BOOK,450,en,"Computers / Security / Network Security, Computers / Operating Systems / Linux, Computers / System Administration / Linux & UNIX Administration",1849519498,9781849519496,,842773,589941,VND,ALLOWED,TRUE,TRUE
YBKSDwAAQBAJ,Data Science from Scratch,First Principles with Python,Joel Grus,"O'Reilly Media, Inc.",2019-04-12,BOOK,406,en,"Computers / Data Science / Data Modeling & Design, Business & Economics / Business Mathematics, Business & Economics / Statistics, Computers / Data Science / General, Computers / Data Science / Data Analytics, Computers / Languages / Python",1492041106,9781492041108,,1738177,1022782,VND,ALLOWED,FALSE,TRUE
pLe9V19eywgC,The Python Programming Language,N/A,"Bradley N. Miller, David L. Ranum",Jones & Bartlett Learning,,BOOK,59,en,"Computers / General, Computers / Computer Science, Computers / Security / Network Security, Computers / Languages / General, Computers / Languages / Python",076374316X,9780763743161,,454892,454892,VND,ALLOWED,FALSE,TRUE
YqQIzAEACAAJ,Python Programming,"The Ultimate Advanced Guide to Python Coding Language, Machine Learning, and Data Analysis, Become an Expert with Hands-On Projects and Step-by-Step Exercises",John Russel,Independently Published,2019-11-19,BOOK,144,en,"Computers / Software Development & Engineering / Computer Graphics, Computers / Operating Systems / Windows Desktop, Computers / Languages / Python, Computers / Internet / Web Programming, Computers / Computer Simulation, Technology & Engineering / Remote Sensing & Geographic Information Systems",1709647477,9781709647475,,933272,933272,VND,ALLOWED,FALSE,FALSE
dXo2g3kFxKsC,Data Mining,"Theory, Methodology, Techniques, and Applications",Graham J. Williams,Springer Science & Business Media,2006-02-20,BOOK,329,en,"Computers / Artificial Intelligence / General, Computers / Computer Science, Computers / Artificial Intelligence / Computer Vision & Pattern Recognition, Computers / Database Administration & Management, Computers / Data Science / Data Analytics, Computers / Data Science / Data Warehousing, Computers / System Administration / Storage & Retrieval, Computers / Information Technology, Computers / Machine Theory, Computers / Optical Data Processing, Computers / User Interfaces, Mathematics / Discrete Mathematics",3540325476,9783540325475,,1448437,1448437,VND,ALLOWED,FALSE,TRUE
yLKcDwAAQBAJ,Computer Science and Engineering Education for Pre-collegiate Students and Teachers,N/A,Andrea Burrows,MDPI,,BOOK,142,en,Social Science / General,3038979406,9783038979401,,1143946,1143946,VND,ALLOWED,FALSE,TRUE
ANaTzwEACAAJ,HTML and CSS,The Comprehensive Guide,Jürgen Wolf,"Rheinwerk Publishing, Incorporated",2023-01-01,BOOK,814,en,"Computers / General, Computers / Data Science / General, Computers / Languages / HTML, Computers / Internet / Web Programming, Technology & Engineering / General",1493224220,9781493224227,,1154219,1154219,VND,ALLOWED,FALSE,FALSE